Energy[keV],Count,
0.000,0,
0.010,0,
0.020,0,
0.030,0,
0.040,0,
0.050,0,
0.060,0,
0.070,0,
0.080,0,
0.090,0,
0.100,187,
0.110,5039,
0.120,7108,
0.130,9658,
0.140,13008,
0.150,17527,
0.160,23667,
0.170,31327,
0.180,38675,
0.190,43184,
0.200,42675,
0.210,39237,
0.220,33888,
0.230,30379,
0.240,30352,
0.250,33644,
0.260,38142,
0.270,41144,
0.280,41108,
0.290,36516,
0.300,29878,
0.310,22543,
0.320,16717,
0.330,12381,
0.340,9925,
0.350,8479,
0.360,8066,
0.370,7904,
0.380,8146,
0.390,8129,
0.400,7809,
0.410,7493,
0.420,7145,
0.430,6976,
0.440,6859,
0.450,7111,
0.460,7848,
0.470,9396,
0.480,12086,
0.490,15699,
0.500,19583,
0.510,23669,
0.520,25694,
0.530,25941,
0.540,23980,
0.550,21156,
0.560,17484,
0.570,14089,
0.580,11301,
0.590,9191,
0.600,8094,
0.610,8152,
0.620,8338,
0.630,8946,
0.640,9522,
0.650,10156,
0.660,10281,
0.670,10128,
0.680,9543,
0.690,9032,
0.700,8239,
0.710,7953,
0.720,7493,
0.730,7199,
0.740,7180,
0.750,7030,
0.760,7256,
0.770,7537,
0.780,7580,
0.790,7858,
0.800,8098,
0.810,8389,
0.820,8288,
0.830,8104,
0.840,8289,
0.850,8177,
0.860,8931,
0.870,9935,
0.880,11818,
0.890,14575,
0.900,17417,
0.910,20195,
0.920,22115,
0.930,22272,
0.940,21092,
0.950,19136,
0.960,15964,
0.970,13450,
0.980,11233,
0.990,10077,
1.000,9431,
1.010,9209,
1.020,9502,
1.030,9836,
1.040,10394,
1.050,10593,
1.060,10902,
1.070,11340,
1.080,11720,
1.090,12116,
1.100,12438,
1.110,12172,
1.120,11855,
1.130,10999,
1.140,10310,
1.150,9823,
1.160,9041,
1.170,8460,
1.180,8298,
1.190,8094,
1.200,8018,
1.210,7975,
1.220,7939,
1.230,7826,
1.240,8146,
1.250,7965,
1.260,8005,
1.270,7867,
1.280,8005,
1.290,7928,
1.300,8078,
1.310,8156,
1.320,8373,
1.330,8515,
1.340,8508,
1.350,8575,
1.360,8875,
1.370,8922,
1.380,8892,
1.390,8880,
1.400,9005,
1.410,8991,
1.420,8873,
1.430,8965,
1.440,8929,
1.450,9254,
1.460,9550,
1.470,9570,
1.480,9677,
1.490,9754,
1.500,9499,
1.510,9817,
1.520,9966,
1.530,10078,
1.540,10753,
1.550,11391,
1.560,12639,
1.570,13508,
1.580,14553,
1.590,15262,
1.600,15456,
1.610,15254,
1.620,14608,
1.630,13740,
1.640,12725,
1.650,12002,
1.660,11653,
1.670,11412,
1.680,11707,
1.690,12242,
1.700,13136,
1.710,14743,
1.720,16486,
1.730,18192,
1.740,19516,
1.750,21147,
1.760,21939,
1.770,22387,
1.780,22006,
1.790,21429,
1.800,20742,
1.810,19861,
1.820,18974,
1.830,17629,
1.840,16560,
1.850,15259,
1.860,14466,
1.870,13578,
1.880,12983,
1.890,12602,
1.900,12244,
1.910,12697,
1.920,13312,
1.930,14232,
1.940,15739,
1.950,18399,
1.960,22670,
1.970,29128,
1.980,37622,
1.990,48871,
2.000,62080,
2.010,76995,
2.020,92012,
2.030,105803,
2.040,115549,
2.050,122066,
2.060,121937,
2.070,119645,
2.080,115280,
2.090,109218,
2.100,105042,
2.110,100552,
2.120,94786,
2.130,88980,
2.140,81385,
2.150,72498,
2.160,63580,
2.170,55003,
2.180,47727,
2.190,45802,
2.200,48709,
2.210,59670,
2.220,78720,
2.230,107547,
2.240,147420,
2.250,193999,
2.260,243421,
2.270,292313,
2.280,331444,
2.290,352339,
2.300,355057,
2.310,340873,
2.320,311505,
2.330,275771,
2.340,240786,
2.350,212867,
2.360,194197,
2.370,182945,
2.380,177424,
2.390,174363,
2.400,167241,
2.410,156459,
2.420,141637,
2.430,125027,
2.440,107594,
2.450,91302,
2.460,76470,
2.470,64989,
2.480,54915,
2.490,47445,
2.500,40513,
2.510,35356,
2.520,30556,
2.530,26187,
2.540,22438,
2.550,19199,
2.560,16765,
2.570,14711,
2.580,13373,
2.590,12150,
2.600,11500,
2.610,10826,
2.620,10456,
2.630,9954,
2.640,9548,
2.650,9125,
2.660,8499,
2.670,8046,
2.680,7696,
2.690,7303,
2.700,6720,
2.710,6388,
2.720,6400,
2.730,6037,
2.740,5886,
2.750,5784,
2.760,6047,
2.770,6093,
2.780,6219,
2.790,6466,
2.800,6775,
2.810,6954,
2.820,7127,
2.830,7141,
2.840,7064,
2.850,6965,
2.860,6847,
2.870,6379,
2.880,6310,
2.890,6278,
2.900,6153,
2.910,6218,
2.920,6378,
2.930,6224,
2.940,6465,
2.950,6563,
2.960,6710,
2.970,6562,
2.980,6427,
2.990,6202,
3.000,5967,
3.010,5560,
3.020,5410,
3.030,5054,
3.040,5069,
3.050,4964,
3.060,4871,
3.070,4744,
3.080,4618,
3.090,4636,
3.100,4477,
3.110,4567,
3.120,4630,
3.130,4557,
3.140,4510,
3.150,4743,
3.160,4709,
3.170,4637,
3.180,4830,
3.190,4779,
3.200,4888,
3.210,4880,
3.220,4724,
3.230,4932,
3.240,4716,
3.250,4743,
3.260,4839,
3.270,4701,
3.280,4804,
3.290,4748,
3.300,4774,
3.310,4716,
3.320,4915,
3.330,4771,
3.340,4761,
3.350,4656,
3.360,4722,
3.370,4688,
3.380,4567,
3.390,4608,
3.400,4431,
3.410,4490,
3.420,4409,
3.430,4454,
3.440,4449,
3.450,4436,
3.460,4485,
3.470,4438,
3.480,4510,
3.490,4554,
3.500,4382,
3.510,4421,
3.520,4491,
3.530,4538,
3.540,4523,
3.550,4424,
3.560,4471,
3.570,4514,
3.580,4520,
3.590,4635,
3.600,4481,
3.610,4693,
3.620,4554,
3.630,4594,
3.640,4749,
3.650,4699,
3.660,4716,
3.670,4845,
3.680,4727,
3.690,4836,
3.700,4752,
3.710,4622,
3.720,4736,
3.730,4802,
3.740,4548,
3.750,4714,
3.760,4723,
3.770,4757,
3.780,4665,
3.790,4489,
3.800,4602,
3.810,4624,
3.820,4713,
3.830,4611,
3.840,4698,
3.850,4618,
3.860,4548,
3.870,4724,
3.880,4722,
3.890,4797,
3.900,4766,
3.910,4592,
3.920,4570,
3.930,4661,
3.940,4782,
3.950,4702,
3.960,4699,
3.970,4606,
3.980,4728,
3.990,4674,
4.000,4769,
4.010,4594,
4.020,4736,
4.030,4668,
4.040,4724,
4.050,4870,
4.060,4823,
4.070,4899,
4.080,4854,
4.090,4808,
4.100,4909,
4.110,4964,
4.120,5023,
4.130,4885,
4.140,4878,
4.150,4827,
4.160,4942,
4.170,4860,
4.180,4995,
4.190,4762,
4.200,5009,
4.210,4906,
4.220,4885,
4.230,4783,
4.240,4895,
4.250,4943,
4.260,4931,
4.270,4890,
4.280,4792,
4.290,4697,
4.300,4966,
4.310,4862,
4.320,4865,
4.330,4958,
4.340,4919,
4.350,4831,
4.360,4918,
4.370,4954,
4.380,4895,
4.390,4925,
4.400,4959,
4.410,4785,
4.420,4866,
4.430,4990,
4.440,4880,
4.450,5071,
4.460,5045,
4.470,4890,
4.480,5059,
4.490,5007,
4.500,5214,
4.510,5013,
4.520,5245,
4.530,5374,
4.540,5431,
4.550,5604,
4.560,5730,
4.570,6026,
4.580,5769,
4.590,6057,
4.600,6088,
4.610,6099,
4.620,5996,
4.630,5988,
4.640,5850,
4.650,6063,
4.660,6028,
4.670,5919,
4.680,6130,
4.690,5808,
4.700,5850,
4.710,5753,
4.720,5803,
4.730,5668,
4.740,5684,
4.750,5574,
4.760,5409,
4.770,5379,
4.780,5324,
4.790,5371,
4.800,5219,
4.810,5151,
4.820,5257,
4.830,5031,
4.840,5206,
4.850,5130,
4.860,5076,
4.870,4983,
4.880,4850,
4.890,4910,
4.900,4854,
4.910,4907,
4.920,4905,
4.930,5002,
4.940,4908,
4.950,4860,
4.960,4921,
4.970,4793,
4.980,4705,
4.990,4696,
5.000,4720,
5.010,4722,
5.020,4804,
5.030,4754,
5.040,4703,
5.050,4571,
5.060,4596,
5.070,4606,
5.080,4623,
5.090,4658,
5.100,4606,
5.110,4664,
5.120,4618,
5.130,4614,
5.140,4730,
5.150,4595,
5.160,4688,
5.170,4627,
5.180,4656,
5.190,4688,
5.200,4678,
5.210,4779,
5.220,4569,
5.230,4608,
5.240,4773,
5.250,4793,
5.260,4789,
5.270,4775,
5.280,5109,
5.290,5209,
5.300,5643,
5.310,5832,
5.320,6377,
5.330,6996,
5.340,7729,
5.350,8682,
5.360,9681,
5.370,10549,
5.380,11478,
5.390,12122,
5.400,12749,
5.410,13312,
5.420,13161,
5.430,12856,
5.440,12510,
5.450,11654,
5.460,10671,
5.470,9676,
5.480,8652,
5.490,7827,
5.500,7055,
5.510,6396,
5.520,5836,
5.530,5452,
5.540,4929,
5.550,4968,
5.560,4765,
5.570,4655,
5.580,4515,
5.590,4591,
5.600,4495,
5.610,4624,
5.620,4401,
5.630,4476,
5.640,4535,
5.650,4517,
5.660,4624,
5.670,4581,
5.680,4624,
5.690,4439,
5.700,4423,
5.710,4602,
5.720,4490,
5.730,4417,
5.740,4502,
5.750,4387,
5.760,4514,
5.770,4521,
5.780,4466,
5.790,4422,
5.800,4405,
5.810,4499,
5.820,4512,
5.830,4688,
5.840,4604,
5.850,4577,
5.860,4814,
5.870,4866,
5.880,5059,
5.890,4962,
5.900,5206,
5.910,5250,
5.920,5286,
5.930,5371,
5.940,5603,
5.950,5546,
5.960,5389,
5.970,5401,
5.980,5376,
5.990,5291,
6.000,5054,
6.010,4991,
6.020,4893,
6.030,4724,
6.040,4599,
6.050,4634,
6.060,4437,
6.070,4506,
6.080,4472,
6.090,4330,
6.100,4487,
6.110,4352,
6.120,4336,
6.130,4413,
6.140,4411,
6.150,4318,
6.160,4199,
6.170,4356,
6.180,4444,
6.190,4392,
6.200,4420,
6.210,4437,
6.220,4515,
6.230,4381,
6.240,4565,
6.250,4659,
6.260,4771,
6.270,4878,
6.280,5048,
6.290,5106,
6.300,5229,
6.310,5682,
6.320,5787,
6.330,6078,
6.340,6287,
6.350,6689,
6.360,6903,
6.370,7204,
6.380,7466,
6.390,7487,
6.400,7589,
6.410,7514,
6.420,7506,
6.430,7254,
6.440,7081,
6.450,6579,
6.460,6342,
6.470,6079,
6.480,5629,
6.490,5366,
6.500,5067,
6.510,4919,
6.520,4703,
6.530,4403,
6.540,4389,
6.550,4396,
6.560,4395,
6.570,4227,
6.580,4243,
6.590,4208,
6.600,4190,
6.610,4333,
6.620,4184,
6.630,4264,
6.640,4178,
6.650,4286,
6.660,4265,
6.670,4186,
6.680,4220,
6.690,4123,
6.700,4219,
6.710,4256,
6.720,4240,
6.730,4116,
6.740,4327,
6.750,4211,
6.760,4340,
6.770,4322,
6.780,4397,
6.790,4431,
6.800,4484,
6.810,4690,
6.820,4933,
6.830,5096,
6.840,5322,
6.850,5621,
6.860,6120,
6.870,6373,
6.880,6814,
6.890,7167,
6.900,7454,
6.910,7788,
6.920,7959,
6.930,7905,
6.940,7847,
6.950,7850,
6.960,7641,
6.970,7280,
6.980,7104,
6.990,6751,
7.000,6295,
7.010,6070,
7.020,5770,
7.030,5599,
7.040,5261,
7.050,5287,
7.060,5066,
7.070,4936,
7.080,4881,
7.090,4731,
7.100,4699,
7.110,4540,
7.120,4555,
7.130,4486,
7.140,4455,
7.150,4327,
7.160,4209,
7.170,4367,
7.180,4202,
7.190,4148,
7.200,4232,
7.210,4127,
7.220,4149,
7.230,4179,
7.240,4161,
7.250,4131,
7.260,4149,
7.270,4123,
7.280,4139,
7.290,4176,
7.300,4150,
7.310,4201,
7.320,4229,
7.330,4063,
7.340,4339,
7.350,4260,
7.360,4273,
7.370,4213,
7.380,4442,
7.390,4377,
7.400,4380,
7.410,4322,
7.420,4336,
7.430,4455,
7.440,4326,
7.450,4276,
7.460,4282,
7.470,4227,
7.480,4264,
7.490,4278,
7.500,4222,
7.510,4261,
7.520,4185,
7.530,4250,
7.540,4334,
7.550,4428,
7.560,4278,
7.570,4318,
7.580,4363,
7.590,4325,
7.600,4486,
7.610,4583,
7.620,4430,
7.630,4684,
7.640,4491,
7.650,4579,
7.660,4601,
7.670,4689,
7.680,4722,
7.690,4573,
7.700,4670,
7.710,4630,
7.720,4668,
7.730,4695,
7.740,4631,
7.750,4747,
7.760,4707,
7.770,4728,
7.780,4652,
7.790,4813,
7.800,4750,
7.810,4992,
7.820,5116,
7.830,5385,
7.840,5986,
7.850,6676,
7.860,7670,
7.870,9170,
7.880,11421,
7.890,14240,
7.900,18572,
7.910,23755,
7.920,31083,
7.930,40032,
7.940,51114,
7.950,63874,
7.960,78250,
7.970,94360,
7.980,112018,
7.990,129336,
8.000,145741,
8.010,160150,
8.020,173665,
8.030,182680,
8.040,187333,
8.050,187982,
8.060,184352,
8.070,176094,
8.080,164831,
8.090,150497,
8.100,133578,
8.110,116480,
8.120,99581,
8.130,83272,
8.140,68462,
8.150,55375,
8.160,43705,
8.170,34374,
8.180,27050,
8.190,21221,
8.200,16971,
8.210,13875,
8.220,11735,
8.230,10309,
8.240,9282,
8.250,8786,
8.260,8377,
8.270,8099,
8.280,8282,
8.290,8316,
8.300,8286,
8.310,8379,
8.320,8623,
8.330,8764,
8.340,8942,
8.350,8978,
8.360,9109,
8.370,9107,
8.380,9061,
8.390,8990,
8.400,8926,
8.410,8766,
8.420,8416,
8.430,8221,
8.440,7915,
8.450,7599,
8.460,7139,
8.470,6634,
8.480,6364,
8.490,5941,
8.500,5475,
8.510,5370,
8.520,5106,
8.530,4876,
8.540,4784,
8.550,4668,
8.560,4683,
8.570,4341,
8.580,4555,
8.590,4389,
8.600,4405,
8.610,4397,
8.620,4428,
8.630,4399,
8.640,4363,
8.650,4331,
8.660,4437,
8.670,4547,
8.680,4625,
8.690,4586,
8.700,4659,
8.710,4880,
8.720,4906,
8.730,5292,
8.740,5778,
8.750,6024,
8.760,6647,
8.770,7533,
8.780,8658,
8.790,10123,
8.800,11657,
8.810,13463,
8.820,15465,
8.830,17620,
8.840,20394,
8.850,22915,
8.860,25153,
8.870,27312,
8.880,29106,
8.890,30772,
8.900,31240,
8.910,31744,
8.920,30853,
8.930,30219,
8.940,28863,
8.950,26742,
8.960,24628,
8.970,21899,
8.980,19237,
8.990,16913,
9.000,14377,
9.010,12396,
9.020,10516,
9.030,8971,
9.040,7688,
9.050,6620,
9.060,5705,
9.070,5257,
9.080,4574,
9.090,4624,
9.100,4463,
9.110,4453,
9.120,4818,
9.130,4914,
9.140,5378,
9.150,5918,
9.160,6334,
9.170,6875,
9.180,7653,
9.190,8347,
9.200,9201,
9.210,10032,
9.220,10479,
9.230,10881,
9.240,11771,
9.250,11999,
9.260,12652,
9.270,13096,
9.280,13475,
9.290,14437,
9.300,15258,
9.310,16246,
9.320,17678,
9.330,19377,
9.340,21183,
9.350,23850,
9.360,26420,
9.370,29146,
9.380,32202,
9.390,35045,
9.400,37732,
9.410,40378,
9.420,42132,
9.430,43760,
9.440,44463,
9.450,43797,
9.460,42814,
9.470,41337,
9.480,39240,
9.490,36376,
9.500,33032,
9.510,29885,
9.520,26336,
9.530,23245,
9.540,20271,
9.550,17344,
9.560,14976,
9.570,12790,
9.580,11000,
9.590,10327,
9.600,8939,
9.610,8466,
9.620,8041,
9.630,7889,
9.640,7855,
9.650,7935,
9.660,8045,
9.670,8126,
9.680,8120,
9.690,8357,
9.700,8353,
9.710,8312,
9.720,8094,
9.730,7678,
9.740,7554,
9.750,7308,
9.760,6804,
9.770,6296,
9.780,6181,
9.790,5608,
9.800,5348,
9.810,4825,
9.820,4621,
9.830,4540,
9.840,4344,
9.850,4120,
9.860,3850,
9.870,3899,
9.880,3721,
9.890,3785,
9.900,3952,
9.910,3855,
9.920,3868,
9.930,3955,
9.940,4089,
9.950,3963,
9.960,4115,
9.970,3927,
9.980,4051,
9.990,3942,
10.000,4096,
10.010,3868,
10.020,3943,
10.030,3770,
10.040,3768,
10.050,3549,
10.060,3562,
10.070,3403,
10.080,3504,
10.090,3298,
10.100,3276,
10.110,3327,
10.120,3406,
10.130,3396,
10.140,3260,
10.150,3379,
10.160,3400,
10.170,3480,
10.180,3443,
10.190,3587,
10.200,3680,
10.210,3792,
10.220,3733,
10.230,3742,
10.240,3948,
10.250,4040,
10.260,4026,
10.270,4129,
10.280,4190,
10.290,4322,
10.300,4301,
10.310,4226,
10.320,4218,
10.330,4110,
10.340,4039,
10.350,3929,
10.360,3979,
10.370,3720,
10.380,3808,
10.390,3508,
10.400,3502,
10.410,3533,
10.420,3369,
10.430,3356,
10.440,3322,
10.450,3231,
10.460,3125,
10.470,3176,
10.480,3041,
10.490,3020,
10.500,3020,
10.510,2933,
10.520,2814,
10.530,2755,
10.540,2801,
10.550,2746,
10.560,2695,
10.570,2675,
10.580,2661,
10.590,2654,
10.600,2513,
10.610,2588,
10.620,2481,
10.630,2580,
10.640,2632,
10.650,2643,
10.660,2631,
10.670,2595,
10.680,2646,
10.690,2732,
10.700,2738,
10.710,2823,
10.720,2968,
10.730,3062,
10.740,3186,
10.750,3238,
10.760,3417,
10.770,3502,
10.780,3758,
10.790,3867,
10.800,4139,
10.810,4406,
10.820,4428,
10.830,4575,
10.840,4837,
10.850,4760,
10.860,5034,
10.870,5173,
10.880,5033,
10.890,5257,
10.900,5231,
10.910,5508,
10.920,5844,
10.930,6215,
10.940,6600,
10.950,7194,
10.960,8036,
10.970,8886,
10.980,9821,
10.990,11280,
11.000,12296,
11.010,13424,
11.020,14645,
11.030,15891,
11.040,16947,
11.050,17951,
11.060,18402,
11.070,18938,
11.080,19320,
11.090,18824,
11.100,18922,
11.110,18276,
11.120,17878,
11.130,17130,
11.140,16420,
11.150,15801,
11.160,15030,
11.170,14885,
11.180,14082,
11.190,14014,
11.200,13915,
11.210,13686,
11.220,13479,
11.230,13384,
11.240,13207,
11.250,13008,
11.260,12626,
11.270,12375,
11.280,11856,
11.290,11294,
11.300,10759,
11.310,10086,
11.320,9394,
11.330,8684,
11.340,8018,
11.350,7471,
11.360,7004,
11.370,6360,
11.380,5945,
11.390,5765,
11.400,5449,
11.410,5187,
11.420,5031,
11.430,4842,
11.440,4695,
11.450,4735,
11.460,4635,
11.470,4525,
11.480,4475,
11.490,4518,
11.500,4511,
11.510,4591,
11.520,4468,
11.530,4341,
11.540,4373,
11.550,4245,
11.560,4284,
11.570,4299,
11.580,4098,
11.590,3921,
11.600,3940,
11.610,3908,
11.620,3880,
11.630,3638,
11.640,3550,
11.650,3441,
11.660,3326,
11.670,3142,
11.680,3143,
11.690,2941,
11.700,2905,
11.710,2784,
11.720,2648,
11.730,2620,
11.740,2643,
11.750,2475,
11.760,2527,
11.770,2367,
11.780,2342,
11.790,2304,
11.800,2379,
11.810,2315,
11.820,2225,
11.830,2215,
11.840,2106,
11.850,2175,
11.860,2111,
11.870,2116,
11.880,2099,
11.890,2095,
11.900,2139,
11.910,2031,
11.920,2146,
11.930,2021,
11.940,2118,
11.950,2054,
11.960,2001,
11.970,2099,
11.980,2124,
11.990,2050,
12.000,2084,
12.010,1910,
12.020,2004,
12.030,2015,
12.040,2027,
12.050,1968,
12.060,1993,
12.070,1930,
12.080,1974,
12.090,1976,
12.100,1946,
12.110,1986,
12.120,1945,
12.130,1899,
12.140,1978,
12.150,1857,
12.160,1890,
12.170,1883,
12.180,1842,
12.190,1909,
12.200,1967,
12.210,1902,
12.220,1845,
12.230,1863,
12.240,1828,
12.250,1941,
12.260,1849,
12.270,1803,
12.280,1875,
12.290,1833,
12.300,1857,
12.310,1834,
12.320,1899,
12.330,1842,
12.340,1866,
12.350,1886,
12.360,1834,
12.370,1840,
12.380,1819,
12.390,1859,
12.400,1837,
12.410,1810,
12.420,1898,
12.430,1798,
12.440,1780,
12.450,1832,
12.460,1917,
12.470,1880,
12.480,1862,
12.490,1866,
12.500,1924,
12.510,1898,
12.520,1949,
12.530,1980,
12.540,1884,
12.550,1883,
12.560,1913,
12.570,1922,
12.580,1977,
12.590,1908,
12.600,1975,
12.610,1875,
12.620,1901,
12.630,1870,
12.640,1884,
12.650,1835,
12.660,1851,
12.670,1875,
12.680,1800,
12.690,1831,
12.700,1804,
12.710,1886,
12.720,1831,
12.730,1862,
12.740,1880,
12.750,1890,
12.760,1912,
12.770,1980,
12.780,2179,
12.790,2184,
12.800,2205,
12.810,2362,
12.820,2508,
12.830,2661,
12.840,2778,
12.850,2897,
12.860,3230,
12.870,3329,
12.880,3565,
12.890,3651,
12.900,3968,
12.910,4043,
12.920,4193,
12.930,4309,
12.940,4236,
12.950,4450,
12.960,4333,
12.970,4159,
12.980,4106,
12.990,3928,
13.000,3818,
13.010,3713,
13.020,3540,
13.030,3254,
13.040,3077,
13.050,2887,
13.060,2673,
13.070,2568,
13.080,2454,
13.090,2335,
13.100,2246,
13.110,2155,
13.120,2065,
13.130,2043,
13.140,2010,
13.150,2066,
13.160,2093,
13.170,2002,
13.180,2117,
13.190,2092,
13.200,2166,
13.210,2283,
13.220,2310,
13.230,2412,
13.240,2332,
13.250,2521,
13.260,2553,
13.270,2630,
13.280,2633,
13.290,2603,
13.300,2551,
13.310,2606,
13.320,2616,
13.330,2661,
13.340,2591,
13.350,2607,
13.360,2723,
13.370,2571,
13.380,2446,
13.390,2441,
13.400,2437,
13.410,2404,
13.420,2217,
13.430,2242,
13.440,2142,
13.450,2022,
13.460,1941,
13.470,1975,
13.480,1919,
13.490,1846,
13.500,1741,
13.510,1818,
13.520,1714,
13.530,1723,
13.540,1677,
13.550,1677,
13.560,1601,
13.570,1624,
13.580,1617,
13.590,1553,
13.600,1560,
13.610,1618,
13.620,1588,
13.630,1589,
13.640,1532,
13.650,1609,
13.660,1591,
13.670,1584,
13.680,1660,
13.690,1581,
13.700,1542,
13.710,1663,
13.720,1540,
13.730,1635,
13.740,1555,
13.750,1642,
13.760,1659,
13.770,1633,
13.780,1649,
13.790,1634,
13.800,1673,
13.810,1638,
13.820,1614,
13.830,1634,
13.840,1627,
13.850,1620,
13.860,1565,
13.870,1580,
13.880,1576,
13.890,1551,
13.900,1532,
13.910,1559,
13.920,1467,
13.930,1477,
13.940,1529,
13.950,1454,
13.960,1608,
13.970,1447,
13.980,1422,
13.990,1401,
14.000,1352,
14.010,1431,
14.020,1440,
14.030,1454,
14.040,1377,
14.050,1436,
14.060,1378,
14.070,1351,
14.080,1333,
14.090,1419,
14.100,1393,
14.110,1411,
14.120,1303,
14.130,1302,
14.140,1412,
14.150,1403,
14.160,1369,
14.170,1344,
14.180,1452,
14.190,1344,
14.200,1410,
14.210,1390,
14.220,1375,
14.230,1365,
14.240,1350,
14.250,1392,
14.260,1336,
14.270,1336,
14.280,1344,
14.290,1358,
14.300,1352,
14.310,1346,
14.320,1314,
14.330,1320,
14.340,1320,
14.350,1331,
14.360,1355,
14.370,1368,
14.380,1317,
14.390,1262,
14.400,1285,
14.410,1318,
14.420,1318,
14.430,1361,
14.440,1283,
14.450,1283,
14.460,1279,
14.470,1344,
14.480,1303,
14.490,1336,
14.500,1300,
14.510,1301,
14.520,1302,
14.530,1299,
14.540,1297,
14.550,1307,
14.560,1362,
14.570,1276,
14.580,1226,
14.590,1320,
14.600,1232,
14.610,1305,
14.620,1278,
14.630,1230,
14.640,1217,
14.650,1293,
14.660,1209,
14.670,1275,
14.680,1215,
14.690,1182,
14.700,1245,
14.710,1221,
14.720,1253,
14.730,1237,
14.740,1289,
14.750,1259,
14.760,1237,
14.770,1236,
14.780,1226,
14.790,1266,
14.800,1247,
14.810,1202,
14.820,1195,
14.830,1305,
14.840,1225,
14.850,1243,
14.860,1162,
14.870,1211,
14.880,1328,
14.890,1270,
14.900,1200,
14.910,1225,
14.920,1209,
14.930,1206,
14.940,1180,
14.950,1239,
14.960,1168,
14.970,1185,
14.980,1207,
14.990,1187,
15.000,1239,
15.010,1235,
15.020,1229,
15.030,1227,
15.040,1220,
15.050,1197,
15.060,1182,
15.070,1264,
15.080,1158,
15.090,1228,
15.100,1229,
15.110,1200,
15.120,1200,
15.130,1216,
15.140,1217,
15.150,1127,
15.160,1185,
15.170,1157,
15.180,1180,
15.190,1147,
15.200,1161,
15.210,1203,
15.220,1135,
15.230,1165,
15.240,1160,
15.250,1160,
15.260,1169,
15.270,1175,
15.280,1102,
15.290,1139,
15.300,1200,
15.310,1207,
15.320,1152,
15.330,1115,
15.340,1146,
15.350,1176,
15.360,1149,
15.370,1154,
15.380,1135,
15.390,1132,
15.400,1121,
15.410,1125,
15.420,1076,
15.430,1090,
15.440,1156,
15.450,1157,
15.460,1141,
15.470,1128,
15.480,1087,
15.490,1135,
15.500,1164,
15.510,1151,
15.520,1145,
15.530,1162,
15.540,1121,
15.550,1126,
15.560,1114,
15.570,1094,
15.580,1093,
15.590,1074,
15.600,1112,
15.610,1119,
15.620,1103,
15.630,1066,
15.640,1122,
15.650,1128,
15.660,1107,
15.670,1106,
15.680,1134,
15.690,1104,
15.700,1141,
15.710,1075,
15.720,1149,
15.730,1039,
15.740,1089,
15.750,1068,
15.760,1154,
15.770,1153,
15.780,1080,
15.790,1104,
15.800,1016,
15.810,1081,
15.820,1103,
15.830,1145,
15.840,1116,
15.850,1077,
15.860,1137,
15.870,1065,
15.880,1071,
15.890,1063,
15.900,1075,
15.910,1103,
15.920,1116,
15.930,1082,
15.940,1119,
15.950,1084,
15.960,1088,
15.970,1118,
15.980,1138,
15.990,1094,
16.000,1092,
16.010,1159,
16.020,1143,
16.030,1132,
16.040,1184,
16.050,1206,
16.060,1250,
16.070,1233,
16.080,1200,
16.090,1178,
16.100,1202,
16.110,1174,
16.120,1176,
16.130,1162,
16.140,1179,
16.150,1240,
16.160,1123,
16.170,1153,
16.180,1122,
16.190,1150,
16.200,1142,
16.210,1063,
16.220,1161,
16.230,1040,
16.240,1059,
16.250,1026,
16.260,1006,
16.270,1088,
16.280,1054,
16.290,1090,
16.300,1048,
16.310,1000,
16.320,967,
16.330,1027,
16.340,1016,
16.350,1006,
16.360,1065,
16.370,1018,
16.380,992,
16.390,991,
16.400,988,
16.410,1007,
16.420,1023,
16.430,1015,
16.440,1084,
16.450,990,
16.460,985,
16.470,995,
16.480,1001,
16.490,1018,
16.500,1049,
16.510,980,
16.520,1001,
16.530,1029,
16.540,990,
16.550,1011,
16.560,1073,
16.570,1021,
16.580,1018,
16.590,1032,
16.600,1013,
16.610,1052,
16.620,1009,
16.630,995,
16.640,988,
16.650,1003,
16.660,1041,
16.670,970,
16.680,1021,
16.690,1000,
16.700,938,
16.710,1001,
16.720,983,
16.730,1022,
16.740,1067,
16.750,953,
16.760,956,
16.770,981,
16.780,978,
16.790,1009,
16.800,968,
16.810,992,
16.820,999,
16.830,1048,
16.840,1108,
16.850,1030,
16.860,1047,
16.870,1004,
16.880,1040,
16.890,1068,
16.900,1092,
16.910,1050,
16.920,1041,
16.930,1050,
16.940,1057,
16.950,1115,
16.960,1112,
16.970,1093,
16.980,1080,
16.990,1043,
17.000,1144,
17.010,1094,
17.020,1110,
17.030,1058,
17.040,1064,
17.050,1095,
17.060,1161,
17.070,1137,
17.080,1159,
17.090,1173,
17.100,1176,
17.110,1306,
17.120,1402,
17.130,1431,
17.140,1594,
17.150,1732,
17.160,2027,
17.170,2335,
17.180,2742,
17.190,3085,
17.200,3635,
17.210,4176,
17.220,4924,
17.230,5633,
17.240,6840,
17.250,7998,
17.260,9370,
17.270,10972,
17.280,12359,
17.290,14169,
17.300,15914,
17.310,18086,
17.320,19984,
17.330,22437,
17.340,24579,
17.350,26976,
17.360,29040,
17.370,31121,
17.380,33401,
17.390,34866,
17.400,37134,
17.410,38840,
17.420,39761,
17.430,40896,
17.440,41857,
17.450,42068,
17.460,42304,
17.470,41898,
17.480,40834,
17.490,40151,
17.500,38660,
17.510,37096,
17.520,34999,
17.530,33061,
17.540,30577,
17.550,27893,
17.560,25452,
17.570,23058,
17.580,20621,
17.590,18195,
17.600,15846,
17.610,13868,
17.620,12123,
17.630,10362,
17.640,8879,
17.650,7298,
17.660,6327,
17.670,5199,
17.680,4479,
17.690,3698,
17.700,3194,
17.710,2679,
17.720,2272,
17.730,2061,
17.740,1796,
17.750,1507,
17.760,1341,
17.770,1329,
17.780,1196,
17.790,1164,
17.800,1094,
17.810,1085,
17.820,1031,
17.830,992,
17.840,963,
17.850,905,
17.860,958,
17.870,899,
17.880,847,
17.890,889,
17.900,849,
17.910,825,
17.920,871,
17.930,799,
17.940,845,
17.950,838,
17.960,806,
17.970,784,
17.980,842,
17.990,845,
18.000,773,
18.010,817,
18.020,826,
18.030,830,
18.040,811,
18.050,782,
18.060,791,
18.070,779,
18.080,807,
18.090,738,
18.100,742,
18.110,790,
18.120,727,
18.130,777,
18.140,731,
18.150,773,
18.160,771,
18.170,789,
18.180,763,
18.190,779,
18.200,689,
18.210,759,
18.220,722,
18.230,669,
18.240,732,
18.250,743,
18.260,744,
18.270,748,
18.280,729,
18.290,729,
18.300,780,
18.310,738,
18.320,734,
18.330,714,
18.340,729,
18.350,737,
18.360,768,
18.370,709,
18.380,743,
18.390,720,
18.400,749,
18.410,718,
18.420,739,
18.430,745,
18.440,745,
18.450,728,
18.460,704,
18.470,706,
18.480,791,
18.490,701,
18.500,727,
18.510,714,
18.520,662,
18.530,689,
18.540,676,
18.550,710,
18.560,687,
18.570,744,
18.580,694,
18.590,704,
18.600,707,
18.610,672,
18.620,652,
18.630,680,
18.640,742,
18.650,693,
18.660,716,
18.670,667,
18.680,723,
18.690,718,
18.700,682,
18.710,663,
18.720,688,
18.730,693,
18.740,708,
18.750,697,
18.760,739,
18.770,619,
18.780,684,
18.790,663,
18.800,675,
18.810,654,
18.820,740,
18.830,701,
18.840,704,
18.850,714,
18.860,692,
18.870,717,
18.880,708,
18.890,704,
18.900,667,
18.910,711,
18.920,667,
18.930,649,
18.940,684,
18.950,677,
18.960,729,
18.970,712,
18.980,770,
18.990,659,
19.000,740,
19.010,713,
19.020,658,
19.030,669,
19.040,675,
19.050,713,
19.060,700,
19.070,707,
19.080,705,
19.090,664,
19.100,762,
19.110,688,
19.120,741,
19.130,689,
19.140,768,
19.150,705,
19.160,726,
19.170,709,
19.180,686,
19.190,742,
19.200,706,
19.210,718,
19.220,702,
19.230,682,
19.240,704,
19.250,734,
19.260,706,
19.270,811,
19.280,749,
19.290,712,
19.300,720,
19.310,724,
19.320,811,
19.330,817,
19.340,854,
19.350,870,
19.360,945,
19.370,1003,
19.380,1056,
19.390,1226,
19.400,1219,
19.410,1426,
19.420,1556,
19.430,1687,
19.440,1938,
19.450,2168,
19.460,2427,
19.470,2690,
19.480,3062,
19.490,3387,
19.500,3776,
19.510,4189,
19.520,4458,
19.530,4833,
19.540,5185,
19.550,5558,
19.560,5824,
19.570,6058,
19.580,6305,
19.590,6515,
19.600,6535,
19.610,6501,
19.620,6687,
19.630,6498,
19.640,6319,
19.650,6354,
19.660,5995,
19.670,5639,
19.680,5317,
19.690,5061,
19.700,4674,
19.710,4534,
19.720,4109,
19.730,3698,
19.740,3347,
19.750,3081,
19.760,2955,
19.770,2557,
19.780,2501,
19.790,2313,
19.800,2091,
19.810,1999,
19.820,1872,
19.830,1853,
19.840,1785,
19.850,1673,
19.860,1671,
19.870,1635,
19.880,1561,
19.890,1588,
19.900,1657,
19.910,1634,
19.920,1619,
19.930,1743,
19.940,1620,
19.950,1653,
19.960,1687,
19.970,1637,
19.980,1610,
19.990,1611,
20.000,1519,
20.010,1418,
20.020,1418,
20.030,1337,
20.040,1288,
20.050,1279,
20.060,1202,
20.070,1126,
20.080,1095,
20.090,1009,
20.100,900,
20.110,831,
20.120,811,
20.130,742,
20.140,745,
20.150,686,
20.160,663,
20.170,613,
20.180,616,
20.190,619,
20.200,586,
20.210,541,
20.220,573,
20.230,545,
20.240,539,
20.250,496,
20.260,530,
20.270,500,
20.280,499,
20.290,445,
20.300,534,
20.310,518,
20.320,475,
20.330,504,
20.340,453,
20.350,509,
20.360,492,
20.370,487,
20.380,499,
20.390,498,
20.400,490,
20.410,503,
20.420,469,
20.430,490,
20.440,479,
20.450,525,
20.460,470,
20.470,468,
20.480,498,
20.490,449,
20.500,512,
20.510,476,
20.520,458,
20.530,511,
20.540,499,
20.550,473,
20.560,467,
20.570,461,
20.580,517,
20.590,477,
20.600,500,
20.610,485,
20.620,457,
20.630,473,
20.640,467,
20.650,487,
20.660,533,
20.670,482,
20.680,488,
20.690,445,
20.700,496,
20.710,465,
20.720,463,
20.730,470,
20.740,448,
20.750,470,
20.760,498,
20.770,435,
20.780,452,
20.790,453,
20.800,443,
20.810,444,
20.820,461,
20.830,445,
20.840,454,
20.850,460,
20.860,470,
20.870,457,
20.880,414,
20.890,472,
20.900,439,
20.910,449,
20.920,457,
20.930,416,
20.940,456,
20.950,458,
20.960,467,
20.970,433,
20.980,412,
20.990,428,
21.000,493,
21.010,409,
21.020,435,
21.030,438,
21.040,464,
21.050,416,
21.060,430,
21.070,433,
21.080,445,
21.090,447,
21.100,408,
21.110,423,
21.120,476,
21.130,442,
21.140,407,
21.150,438,
21.160,415,
21.170,403,
21.180,426,
21.190,397,
21.200,383,
21.210,391,
21.220,429,
21.230,431,
21.240,420,
21.250,414,
21.260,360,
21.270,421,
21.280,409,
21.290,423,
21.300,411,
21.310,423,
21.320,452,
21.330,431,
21.340,442,
21.350,425,
21.360,379,
21.370,399,
21.380,444,
21.390,396,
21.400,386,
21.410,391,
21.420,430,
21.430,392,
21.440,415,
21.450,394,
21.460,388,
21.470,403,
21.480,407,
21.490,411,
21.500,401,
21.510,401,
21.520,410,
21.530,372,
21.540,377,
21.550,386,
21.560,421,
21.570,406,
21.580,391,
21.590,413,
21.600,413,
21.610,429,
21.620,421,
21.630,416,
21.640,385,
21.650,412,
21.660,425,
21.670,372,
21.680,405,
21.690,411,
21.700,411,
21.710,408,
21.720,378,
21.730,405,
21.740,392,
21.750,382,
21.760,430,
21.770,439,
21.780,429,
21.790,398,
21.800,417,
21.810,411,
21.820,409,
21.830,415,
21.840,408,
21.850,430,
21.860,422,
21.870,444,
21.880,424,
21.890,454,
21.900,409,
21.910,435,
21.920,433,
21.930,435,
21.940,466,
21.950,429,
21.960,432,
21.970,441,
21.980,429,
21.990,405,
22.000,396,
22.010,423,
22.020,412,
22.030,416,
22.040,423,
22.050,459,
22.060,392,
22.070,402,
22.080,413,
22.090,442,
22.100,402,
22.110,418,
22.120,383,
22.130,420,
22.140,381,
22.150,353,
22.160,359,
22.170,393,
22.180,373,
22.190,384,
22.200,379,
22.210,342,
22.220,364,
22.230,369,
22.240,378,
22.250,350,
22.260,395,
22.270,393,
22.280,372,
22.290,392,
22.300,401,
22.310,368,
22.320,396,
22.330,372,
22.340,380,
22.350,359,
22.360,333,
22.370,393,
22.380,362,
22.390,364,
22.400,376,
22.410,367,
22.420,353,
22.430,338,
22.440,320,
22.450,345,
22.460,345,
22.470,338,
22.480,344,
22.490,323,
22.500,324,
22.510,355,
22.520,325,
22.530,328,
22.540,363,
22.550,330,
22.560,353,
22.570,353,
22.580,339,
22.590,342,
22.600,326,
22.610,311,
22.620,342,
22.630,334,
22.640,339,
22.650,316,
22.660,360,
22.670,347,
22.680,328,
22.690,327,
22.700,349,
22.710,325,
22.720,333,
22.730,297,
22.740,365,
22.750,333,
22.760,333,
22.770,335,
22.780,346,
22.790,346,
22.800,343,
22.810,329,
22.820,318,
22.830,315,
22.840,337,
22.850,314,
22.860,329,
22.870,335,
22.880,325,
22.890,337,
22.900,295,
22.910,344,
22.920,325,
22.930,300,
22.940,313,
22.950,300,
22.960,335,
22.970,326,
22.980,292,
22.990,292,
23.000,312,
23.010,306,
23.020,287,
23.030,323,
23.040,318,
23.050,298,
23.060,307,
23.070,319,
23.080,321,
23.090,288,
23.100,311,
23.110,326,
23.120,284,
23.130,306,
23.140,344,
23.150,330,
23.160,317,
23.170,307,
23.180,326,
23.190,337,
23.200,307,
23.210,314,
23.220,293,
23.230,315,
23.240,297,
23.250,306,
23.260,326,
23.270,323,
23.280,291,
23.290,295,
23.300,307,
23.310,316,
23.320,277,
23.330,283,
23.340,289,
23.350,311,
23.360,304,
23.370,259,
23.380,293,
23.390,271,
23.400,277,
23.410,300,
23.420,295,
23.430,312,
23.440,275,
23.450,288,
23.460,273,
23.470,297,
23.480,292,
23.490,255,
23.500,309,
23.510,298,
23.520,269,
23.530,307,
23.540,292,
23.550,277,
23.560,298,
23.570,281,
23.580,293,
23.590,275,
23.600,317,
23.610,294,
23.620,267,
23.630,263,
23.640,272,
23.650,318,
23.660,294,
23.670,288,
23.680,292,
23.690,279,
23.700,268,
23.710,292,
23.720,233,
23.730,292,
23.740,284,
23.750,299,
23.760,284,
23.770,267,
23.780,296,
23.790,268,
23.800,287,
23.810,274,
23.820,271,
23.830,282,
23.840,261,
23.850,270,
23.860,272,
23.870,277,
23.880,285,
23.890,296,
23.900,293,
23.910,307,
23.920,252,
23.930,297,
23.940,287,
23.950,287,
23.960,269,
23.970,267,
23.980,300,
23.990,264,
24.000,268,
24.010,244,
24.020,266,
24.030,281,
24.040,243,
24.050,282,
24.060,276,
24.070,255,
24.080,276,
24.090,262,
24.100,258,
24.110,275,
24.120,246,
24.130,262,
24.140,254,
24.150,266,
24.160,286,
24.170,261,
24.180,246,
24.190,250,
24.200,257,
24.210,250,
24.220,250,
24.230,266,
24.240,255,
24.250,230,
24.260,262,
24.270,281,
24.280,256,
24.290,232,
24.300,229,
24.310,253,
24.320,278,
24.330,255,
24.340,253,
24.350,252,
24.360,224,
24.370,270,
24.380,257,
24.390,254,
24.400,255,
24.410,241,
24.420,275,
24.430,272,
24.440,255,
24.450,255,
24.460,237,
24.470,278,
24.480,260,
24.490,262,
24.500,251,
24.510,238,
24.520,252,
24.530,244,
24.540,255,
24.550,261,
24.560,219,
24.570,258,
24.580,243,
24.590,283,
24.600,227,
24.610,243,
24.620,231,
24.630,224,
24.640,225,
24.650,240,
24.660,247,
24.670,266,
24.680,241,
24.690,251,
24.700,229,
24.710,204,
24.720,245,
24.730,217,
24.740,262,
24.750,245,
24.760,245,
24.770,258,
24.780,236,
24.790,220,
24.800,227,
24.810,244,
24.820,255,
24.830,225,
24.840,237,
24.850,209,
24.860,238,
24.870,237,
24.880,258,
24.890,236,
24.900,242,
24.910,211,
24.920,234,
24.930,255,
24.940,236,
24.950,232,
24.960,249,
24.970,227,
24.980,210,
24.990,233,
25.000,232,
25.010,255,
25.020,237,
25.030,229,
25.040,272,
25.050,207,
25.060,240,
25.070,209,
25.080,223,
25.090,223,
25.100,245,
25.110,256,
25.120,241,
25.130,225,
25.140,205,
25.150,239,
25.160,276,
25.170,213,
25.180,256,
25.190,242,
25.200,230,
25.210,215,
25.220,246,
25.230,234,
25.240,201,
25.250,230,
25.260,251,
25.270,215,
25.280,250,
25.290,217,
25.300,260,
25.310,244,
25.320,216,
25.330,237,
25.340,246,
25.350,257,
25.360,264,
25.370,251,
25.380,270,
25.390,296,
25.400,279,
25.410,249,
25.420,279,
25.430,280,
25.440,302,
25.450,298,
25.460,290,
25.470,297,
25.480,313,
25.490,324,
25.500,297,
25.510,330,
25.520,306,
25.530,298,
25.540,311,
25.550,277,
25.560,281,
25.570,292,
25.580,308,
25.590,272,
25.600,273,
25.610,315,
25.620,292,
25.630,279,
25.640,255,
25.650,256,
25.660,250,
25.670,229,
25.680,264,
25.690,266,
25.700,215,
25.710,234,
25.720,247,
25.730,211,
25.740,228,
25.750,206,
25.760,210,
25.770,230,
25.780,243,
25.790,239,
25.800,207,
25.810,196,
25.820,231,
25.830,199,
25.840,198,
25.850,197,
25.860,208,
25.870,176,
25.880,232,
25.890,188,
25.900,229,
25.910,210,
25.920,197,
25.930,193,
25.940,195,
25.950,207,
25.960,205,
25.970,186,
25.980,179,
25.990,200,
26.000,209,
26.010,194,
26.020,177,
26.030,196,
26.040,204,
26.050,215,
26.060,198,
26.070,216,
26.080,198,
26.090,175,
26.100,185,
26.110,189,
26.120,212,
26.130,198,
26.140,195,
26.150,205,
26.160,203,
26.170,197,
26.180,191,
26.190,193,
26.200,214,
26.210,200,
26.220,199,
26.230,218,
26.240,172,
26.250,211,
26.260,194,
26.270,227,
26.280,201,
26.290,195,
26.300,202,
26.310,215,
26.320,206,
26.330,194,
26.340,206,
26.350,206,
26.360,199,
26.370,200,
26.380,185,
26.390,209,
26.400,202,
26.410,188,
26.420,204,
26.430,199,
26.440,179,
26.450,184,
26.460,213,
26.470,188,
26.480,197,
26.490,216,
26.500,197,
26.510,185,
26.520,179,
26.530,187,
26.540,191,
26.550,203,
26.560,192,
26.570,196,
26.580,177,
26.590,165,
26.600,177,
26.610,203,
26.620,178,
26.630,174,
26.640,198,
26.650,176,
26.660,183,
26.670,187,
26.680,196,
26.690,165,
26.700,188,
26.710,184,
26.720,175,
26.730,188,
26.740,185,
26.750,187,
26.760,170,
26.770,190,
26.780,209,
26.790,169,
26.800,195,
26.810,173,
26.820,175,
26.830,168,
26.840,183,
26.850,177,
26.860,174,
26.870,187,
26.880,180,
26.890,180,
26.900,182,
26.910,177,
26.920,165,
26.930,197,
26.940,182,
26.950,174,
26.960,155,
26.970,189,
26.980,147,
26.990,169,
27.000,179,
27.010,167,
27.020,163,
27.030,185,
27.040,176,
27.050,169,
27.060,168,
27.070,160,
27.080,180,
27.090,173,
27.100,165,
27.110,160,
27.120,173,
27.130,159,
27.140,163,
27.150,159,
27.160,180,
27.170,168,
27.180,196,
27.190,152,
27.200,147,
27.210,175,
27.220,164,
27.230,165,
27.240,172,
27.250,175,
27.260,152,
27.270,156,
27.280,168,
27.290,165,
27.300,177,
27.310,160,
27.320,151,
27.330,158,
27.340,155,
27.350,167,
27.360,189,
27.370,154,
27.380,163,
27.390,163,
27.400,149,
27.410,171,
27.420,156,
27.430,157,
27.440,155,
27.450,172,
27.460,150,
27.470,176,
27.480,153,
27.490,150,
27.500,152,
27.510,166,
27.520,190,
27.530,164,
27.540,151,
27.550,163,
27.560,151,
27.570,173,
27.580,166,
27.590,180,
27.600,178,
27.610,170,
27.620,174,
27.630,165,
27.640,154,
27.650,184,
27.660,167,
27.670,171,
27.680,160,
27.690,175,
27.700,175,
27.710,163,
27.720,175,
27.730,182,
27.740,177,
27.750,168,
27.760,164,
27.770,159,
27.780,160,
27.790,161,
27.800,174,
27.810,170,
27.820,152,
27.830,186,
27.840,176,
27.850,145,
27.860,149,
27.870,162,
27.880,153,
27.890,144,
27.900,136,
27.910,160,
27.920,153,
27.930,144,
27.940,148,
27.950,152,
27.960,174,
27.970,145,
27.980,150,
27.990,141,
28.000,156,
28.010,162,
28.020,155,
28.030,146,
28.040,152,
28.050,164,
28.060,164,
28.070,153,
28.080,167,
28.090,153,
28.100,128,
28.110,139,
28.120,147,
28.130,141,
28.140,144,
28.150,180,
28.160,154,
28.170,163,
28.180,162,
28.190,149,
28.200,128,
28.210,158,
28.220,127,
28.230,154,
28.240,135,
28.250,144,
28.260,156,
28.270,125,
28.280,150,
28.290,146,
28.300,151,
28.310,151,
28.320,153,
28.330,147,
28.340,153,
28.350,140,
28.360,153,
28.370,137,
28.380,155,
28.390,134,
28.400,130,
28.410,148,
28.420,158,
28.430,147,
28.440,153,
28.450,146,
28.460,153,
28.470,145,
28.480,148,
28.490,176,
28.500,156,
28.510,147,
28.520,151,
28.530,126,
28.540,139,
28.550,140,
28.560,143,
28.570,150,
28.580,140,
28.590,135,
28.600,113,
28.610,125,
28.620,139,
28.630,140,
28.640,149,
28.650,147,
28.660,132,
28.670,172,
28.680,129,
28.690,125,
28.700,127,
28.710,145,
28.720,153,
28.730,143,
28.740,145,
28.750,141,
28.760,141,
28.770,137,
28.780,137,
28.790,140,
28.800,143,
28.810,138,
28.820,128,
28.830,143,
28.840,130,
28.850,120,
28.860,133,
28.870,130,
28.880,134,
28.890,122,
28.900,118,
28.910,149,
28.920,151,
28.930,112,
28.940,122,
28.950,128,
28.960,155,
28.970,123,
28.980,125,
28.990,137,
29.000,141,
29.010,148,
29.020,150,
29.030,134,
29.040,164,
29.050,134,
29.060,136,
29.070,134,
29.080,119,
29.090,122,
29.100,117,
29.110,154,
29.120,135,
29.130,125,
29.140,139,
29.150,129,
29.160,114,
29.170,140,
29.180,127,
29.190,139,
29.200,143,
29.210,128,
29.220,126,
29.230,146,
29.240,134,
29.250,135,
29.260,124,
29.270,135,
29.280,124,
29.290,97,
29.300,126,
29.310,121,
29.320,134,
29.330,134,
29.340,113,
29.350,117,
29.360,117,
29.370,132,
29.380,123,
29.390,127,
29.400,113,
29.410,108,
29.420,107,
29.430,122,
29.440,105,
29.450,117,
29.460,137,
29.470,137,
29.480,115,
29.490,127,
29.500,116,
29.510,132,
29.520,135,
29.530,111,
29.540,104,
29.550,133,
29.560,114,
29.570,107,
29.580,120,
29.590,115,
29.600,117,
29.610,110,
29.620,121,
29.630,124,
29.640,117,
29.650,123,
29.660,134,
29.670,123,
29.680,117,
29.690,122,
29.700,114,
29.710,111,
29.720,116,
29.730,132,
29.740,133,
29.750,124,
29.760,123,
29.770,128,
29.780,137,
29.790,119,
29.800,112,
29.810,109,
29.820,116,
29.830,101,
29.840,112,
29.850,124,
29.860,112,
29.870,111,
29.880,118,
29.890,100,
29.900,104,
29.910,116,
29.920,110,
29.930,106,
29.940,115,
29.950,110,
29.960,101,
29.970,96,
29.980,142,
29.990,118,
30.000,99,
30.010,138,
30.020,109,
30.030,110,
30.040,121,
30.050,120,
30.060,105,
30.070,118,
30.080,107,
30.090,112,
30.100,114,
30.110,124,
30.120,137,
30.130,90,
30.140,111,
30.150,123,
30.160,105,
30.170,114,
30.180,120,
30.190,130,
30.200,91,
30.210,92,
30.220,108,
30.230,111,
30.240,107,
30.250,111,
30.260,119,
30.270,104,
30.280,115,
30.290,119,
30.300,124,
30.310,93,
30.320,105,
30.330,112,
30.340,127,
30.350,100,
30.360,114,
30.370,112,
30.380,113,
30.390,106,
30.400,107,
30.410,96,
30.420,95,
30.430,93,
30.440,93,
30.450,102,
30.460,105,
30.470,101,
30.480,109,
30.490,106,
30.500,90,
30.510,116,
30.520,93,
30.530,103,
30.540,116,
30.550,98,
30.560,98,
30.570,111,
30.580,98,
30.590,128,
30.600,104,
30.610,100,
30.620,106,
30.630,102,
30.640,112,
30.650,110,
30.660,117,
30.670,97,
30.680,99,
30.690,117,
30.700,126,
30.710,137,
30.720,96,
30.730,105,
30.740,114,
30.750,99,
30.760,104,
30.770,94,
30.780,100,
30.790,107,
30.800,99,
30.810,95,
30.820,94,
30.830,126,
30.840,81,
30.850,98,
30.860,115,
30.870,102,
30.880,89,
30.890,104,
30.900,105,
30.910,95,
30.920,92,
30.930,102,
30.940,108,
30.950,97,
30.960,94,
30.970,103,
30.980,112,
30.990,107,
31.000,90,
31.010,104,
31.020,86,
31.030,103,
31.040,89,
31.050,100,
31.060,101,
31.070,104,
31.080,92,
31.090,101,
31.100,92,
31.110,106,
31.120,100,
31.130,86,
31.140,96,
31.150,93,
31.160,112,
31.170,103,
31.180,101,
31.190,116,
31.200,93,
31.210,83,
31.220,77,
31.230,108,
31.240,112,
31.250,109,
31.260,95,
31.270,91,
31.280,105,
31.290,102,
31.300,88,
31.310,102,
31.320,101,
31.330,105,
31.340,104,
31.350,105,
31.360,89,
31.370,87,
31.380,82,
31.390,85,
31.400,94,
31.410,89,
31.420,116,
31.430,103,
31.440,100,
31.450,100,
31.460,98,
31.470,96,
31.480,99,
31.490,96,
31.500,106,
31.510,100,
31.520,103,
31.530,105,
31.540,105,
31.550,102,
31.560,100,
31.570,96,
31.580,107,
31.590,99,
31.600,103,
31.610,94,
31.620,80,
31.630,80,
31.640,105,
31.650,96,
31.660,82,
31.670,100,
31.680,83,
31.690,99,
31.700,78,
31.710,105,
31.720,80,
31.730,86,
31.740,100,
31.750,88,
31.760,80,
31.770,98,
31.780,83,
31.790,114,
31.800,82,
31.810,80,
31.820,104,
31.830,104,
31.840,103,
31.850,71,
31.860,94,
31.870,75,
31.880,100,
31.890,78,
31.900,76,
31.910,94,
31.920,82,
31.930,81,
31.940,97,
31.950,85,
31.960,85,
31.970,82,
31.980,99,
31.990,78,
32.000,82,
32.010,100,
32.020,68,
32.030,79,
32.040,89,
32.050,82,
32.060,95,
32.070,77,
32.080,105,
32.090,80,
32.100,66,
32.110,79,
32.120,89,
32.130,93,
32.140,94,
32.150,87,
32.160,102,
32.170,96,
32.180,86,
32.190,97,
32.200,73,
32.210,91,
32.220,95,
32.230,111,
32.240,76,
32.250,88,
32.260,78,
32.270,86,
32.280,79,
32.290,89,
32.300,92,
32.310,59,
32.320,84,
32.330,78,
32.340,81,
32.350,86,
32.360,81,
32.370,74,
32.380,90,
32.390,91,
32.400,74,
32.410,102,
32.420,61,
32.430,96,
32.440,99,
32.450,79,
32.460,78,
32.470,75,
32.480,77,
32.490,67,
32.500,71,
32.510,82,
32.520,77,
32.530,89,
32.540,71,
32.550,77,
32.560,72,
32.570,73,
32.580,78,
32.590,74,
32.600,78,
32.610,89,
32.620,91,
32.630,75,
32.640,91,
32.650,83,
32.660,78,
32.670,67,
32.680,70,
32.690,90,
32.700,80,
32.710,78,
32.720,77,
32.730,80,
32.740,88,
32.750,71,
32.760,94,
32.770,86,
32.780,72,
32.790,81,
32.800,83,
32.810,71,
32.820,69,
32.830,82,
32.840,81,
32.850,70,
32.860,69,
32.870,87,
32.880,85,
32.890,77,
32.900,86,
32.910,80,
32.920,87,
32.930,81,
32.940,89,
32.950,89,
32.960,77,
32.970,66,
32.980,71,
32.990,77,
33.000,84,
33.010,84,
33.020,81,
33.030,82,
33.040,84,
33.050,85,
33.060,92,
33.070,59,
33.080,77,
33.090,90,
33.100,85,
33.110,63,
33.120,75,
33.130,82,
33.140,85,
33.150,87,
33.160,75,
33.170,65,
33.180,79,
33.190,89,
33.200,65,
33.210,66,
33.220,89,
33.230,80,
33.240,84,
33.250,73,
33.260,77,
33.270,75,
33.280,63,
33.290,71,
33.300,67,
33.310,66,
33.320,72,
33.330,75,
33.340,79,
33.350,79,
33.360,73,
33.370,76,
33.380,94,
33.390,69,
33.400,73,
33.410,79,
33.420,73,
33.430,59,
33.440,93,
33.450,76,
33.460,69,
33.470,84,
33.480,68,
33.490,67,
33.500,77,
33.510,80,
33.520,77,
33.530,76,
33.540,59,
33.550,88,
33.560,75,
33.570,67,
33.580,62,
33.590,85,
33.600,75,
33.610,71,
33.620,72,
33.630,84,
33.640,77,
33.650,65,
33.660,79,
33.670,73,
33.680,69,
33.690,66,
33.700,84,
33.710,80,
33.720,90,
33.730,55,
33.740,57,
33.750,65,
33.760,78,
33.770,69,
33.780,69,
33.790,56,
33.800,78,
33.810,62,
33.820,76,
33.830,56,
33.840,63,
33.850,71,
33.860,80,
33.870,68,
33.880,75,
33.890,70,
33.900,66,
33.910,67,
33.920,69,
33.930,69,
33.940,79,
33.950,66,
33.960,69,
33.970,69,
33.980,82,
33.990,79,
34.000,60,
34.010,63,
34.020,72,
34.030,68,
34.040,60,
34.050,61,
34.060,57,
34.070,45,
34.080,66,
34.090,67,
34.100,68,
34.110,70,
34.120,62,
34.130,67,
34.140,66,
34.150,79,
34.160,64,
34.170,65,
34.180,69,
34.190,68,
34.200,68,
34.210,74,
34.220,69,
34.230,69,
34.240,63,
34.250,77,
34.260,86,
34.270,57,
34.280,70,
34.290,64,
34.300,64,
34.310,58,
34.320,70,
34.330,82,
34.340,73,
34.350,82,
34.360,75,
34.370,63,
34.380,70,
34.390,60,
34.400,67,
34.410,49,
34.420,78,
34.430,58,
34.440,82,
34.450,69,
34.460,60,
34.470,66,
34.480,61,
34.490,76,
34.500,69,
34.510,61,
34.520,57,
34.530,58,
34.540,59,
34.550,73,
34.560,46,
34.570,62,
34.580,60,
34.590,68,
34.600,72,
34.610,64,
34.620,66,
34.630,72,
34.640,77,
34.650,64,
34.660,72,
34.670,66,
34.680,70,
34.690,72,
34.700,67,
34.710,83,
34.720,72,
34.730,69,
34.740,63,
34.750,80,
34.760,60,
34.770,71,
34.780,83,
34.790,76,
34.800,76,
34.810,68,
34.820,74,
34.830,69,
34.840,86,
34.850,83,
34.860,86,
34.870,93,
34.880,87,
34.890,82,
34.900,84,
34.910,86,
34.920,83,
34.930,76,
34.940,82,
34.950,78,
34.960,80,
34.970,71,
34.980,90,
34.990,69,
35.000,69,
35.010,76,
35.020,64,
35.030,71,
35.040,72,
35.050,74,
35.060,63,
35.070,73,
35.080,81,
35.090,87,
35.100,64,
35.110,63,
35.120,68,
35.130,52,
35.140,53,
35.150,73,
35.160,63,
35.170,65,
35.180,68,
35.190,47,
35.200,66,
35.210,66,
35.220,61,
35.230,72,
35.240,65,
35.250,50,
35.260,52,
35.270,51,
35.280,74,
35.290,49,
35.300,61,
35.310,46,
35.320,56,
35.330,65,
35.340,53,
35.350,59,
35.360,72,
35.370,49,
35.380,61,
35.390,57,
35.400,54,
35.410,57,
35.420,63,
35.430,54,
35.440,64,
35.450,48,
35.460,54,
35.470,57,
35.480,50,
35.490,68,
35.500,70,
35.510,66,
35.520,47,
35.530,66,
35.540,54,
35.550,52,
35.560,55,
35.570,58,
35.580,47,
35.590,49,
35.600,57,
35.610,61,
35.620,62,
35.630,55,
35.640,46,
35.650,55,
35.660,55,
35.670,57,
35.680,61,
35.690,69,
35.700,65,
35.710,61,
35.720,59,
35.730,62,
35.740,60,
35.750,52,
35.760,60,
35.770,66,
35.780,49,
35.790,48,
35.800,53,
35.810,64,
35.820,71,
35.830,52,
35.840,42,
35.850,62,
35.860,47,
35.870,44,
35.880,57,
35.890,55,
35.900,59,
35.910,61,
35.920,50,
35.930,59,
35.940,51,
35.950,63,
35.960,54,
35.970,45,
35.980,67,
35.990,50,
36.000,55,
36.010,53,
36.020,54,
36.030,56,
36.040,59,
36.050,63,
36.060,54,
36.070,44,
36.080,57,
36.090,53,
36.100,66,
36.110,48,
36.120,53,
36.130,49,
36.140,48,
36.150,54,
36.160,42,
36.170,58,
36.180,50,
36.190,43,
36.200,47,
36.210,54,
36.220,49,
36.230,44,
36.240,53,
36.250,44,
36.260,54,
36.270,57,
36.280,43,
36.290,59,
36.300,53,
36.310,51,
36.320,51,
36.330,47,
36.340,41,
36.350,47,
36.360,49,
36.370,46,
36.380,54,
36.390,45,
36.400,32,
36.410,53,
36.420,41,
36.430,49,
36.440,55,
36.450,49,
36.460,47,
36.470,44,
36.480,43,
36.490,55,
36.500,45,
36.510,67,
36.520,48,
36.530,48,
36.540,57,
36.550,51,
36.560,62,
36.570,50,
36.580,52,
36.590,49,
36.600,65,
36.610,50,
36.620,39,
36.630,30,
36.640,42,
36.650,61,
36.660,51,
36.670,53,
36.680,52,
36.690,60,
36.700,42,
36.710,36,
36.720,49,
36.730,54,
36.740,59,
36.750,48,
36.760,49,
36.770,49,
36.780,60,
36.790,53,
36.800,56,
36.810,49,
36.820,51,
36.830,50,
36.840,58,
36.850,61,
36.860,46,
36.870,56,
36.880,49,
36.890,51,
36.900,61,
36.910,42,
36.920,62,
36.930,57,
36.940,58,
36.950,56,
36.960,49,
36.970,42,
36.980,51,
36.990,78,
37.000,68,
37.010,50,
37.020,57,
37.030,55,
37.040,59,
37.050,69,
37.060,54,
37.070,60,
37.080,59,
37.090,49,
37.100,60,
37.110,54,
37.120,51,
37.130,52,
37.140,54,
37.150,51,
37.160,48,
37.170,51,
37.180,38,
37.190,45,
37.200,55,
37.210,49,
37.220,45,
37.230,76,
37.240,65,
37.250,42,
37.260,56,
37.270,50,
37.280,34,
37.290,37,
37.300,39,
37.310,49,
37.320,56,
37.330,41,
37.340,60,
37.350,52,
37.360,47,
37.370,47,
37.380,43,
37.390,54,
37.400,40,
37.410,44,
37.420,39,
37.430,54,
37.440,54,
37.450,54,
37.460,59,
37.470,43,
37.480,47,
37.490,46,
37.500,45,
37.510,43,
37.520,50,
37.530,55,
37.540,37,
37.550,37,
37.560,54,
37.570,35,
37.580,42,
37.590,41,
37.600,44,
37.610,39,
37.620,37,
37.630,37,
37.640,43,
37.650,41,
37.660,52,
37.670,65,
37.680,34,
37.690,48,
37.700,51,
37.710,38,
37.720,37,
37.730,52,
37.740,45,
37.750,40,
37.760,39,
37.770,41,
37.780,52,
37.790,53,
37.800,43,
37.810,43,
37.820,45,
37.830,43,
37.840,39,
37.850,45,
37.860,44,
37.870,36,
37.880,56,
37.890,41,
37.900,46,
37.910,47,
37.920,39,
37.930,42,
37.940,37,
37.950,45,
37.960,48,
37.970,52,
37.980,50,
37.990,43,
38.000,48,
38.010,44,
38.020,55,
38.030,37,
38.040,46,
38.050,40,
38.060,45,
38.070,45,
38.080,30,
38.090,47,
38.100,47,
38.110,45,
38.120,49,
38.130,45,
38.140,41,
38.150,38,
38.160,38,
38.170,36,
38.180,44,
38.190,42,
38.200,42,
38.210,43,
38.220,45,
38.230,34,
38.240,38,
38.250,39,
38.260,49,
38.270,36,
38.280,44,
38.290,43,
38.300,46,
38.310,43,
38.320,43,
38.330,49,
38.340,35,
38.350,40,
38.360,38,
38.370,52,
38.380,45,
38.390,29,
38.400,41,
38.410,37,
38.420,37,
38.430,43,
38.440,32,
38.450,40,
38.460,36,
38.470,39,
38.480,35,
38.490,43,
38.500,41,
38.510,38,
38.520,40,
38.530,36,
38.540,37,
38.550,43,
38.560,41,
38.570,45,
38.580,40,
38.590,39,
38.600,52,
38.610,65,
38.620,35,
38.630,42,
38.640,45,
38.650,39,
38.660,42,
38.670,49,
38.680,32,
38.690,41,
38.700,39,
38.710,49,
38.720,50,
38.730,39,
38.740,49,
38.750,39,
38.760,44,
38.770,30,
38.780,40,
38.790,36,
38.800,39,
38.810,43,
38.820,36,
38.830,44,
38.840,33,
38.850,54,
38.860,35,
38.870,42,
38.880,35,
38.890,40,
38.900,34,
38.910,35,
38.920,44,
38.930,41,
38.940,38,
38.950,28,
38.960,34,
38.970,44,
38.980,30,
38.990,37,
39.000,41,
39.010,33,
39.020,44,
39.030,45,
39.040,47,
39.050,44,
39.060,33,
39.070,32,
39.080,38,
39.090,41,
39.100,37,
39.110,41,
39.120,45,
39.130,42,
39.140,38,
39.150,47,
39.160,34,
39.170,32,
39.180,31,
39.190,34,
39.200,33,
39.210,38,
39.220,44,
39.230,39,
39.240,33,
39.250,43,
39.260,22,
39.270,36,
39.280,37,
39.290,42,
39.300,24,
39.310,43,
39.320,32,
39.330,36,
39.340,44,
39.350,46,
39.360,43,
39.370,29,
39.380,38,
39.390,36,
39.400,28,
39.410,39,
39.420,44,
39.430,35,
39.440,38,
39.450,27,
39.460,45,
39.470,37,
39.480,34,
39.490,37,
39.500,51,
39.510,37,
39.520,31,
39.530,30,
39.540,26,
39.550,31,
39.560,38,
39.570,39,
39.580,29,
39.590,34,
39.600,35,
39.610,46,
39.620,32,
39.630,35,
39.640,32,
39.650,38,
39.660,36,
39.670,28,
39.680,35,
39.690,45,
39.700,40,
39.710,37,
39.720,31,
39.730,34,
39.740,31,
39.750,37,
39.760,28,
39.770,29,
39.780,34,
39.790,30,
39.800,44,
39.810,38,
39.820,39,
39.830,33,
39.840,35,
39.850,38,
39.860,41,
39.870,37,
39.880,35,
39.890,43,
39.900,23,
39.910,34,
39.920,36,
39.930,30,
39.940,22,
39.950,47,
39.960,40,
39.970,33,
39.980,46,
39.990,0,
40.000,0,
40.010,0,
40.020,0,
40.030,0,
40.040,0,
40.050,0,
40.060,0,
40.070,0,
40.080,0,
40.090,0,
40.100,0,
40.110,0,
40.120,0,
40.130,0,
40.140,0,
40.150,0,
40.160,0,
40.170,0,
40.180,0,
40.190,0,
40.200,0,
40.210,0,
40.220,0,
40.230,0,
40.240,0,
40.250,0,
40.260,0,
40.270,0,
40.280,0,
40.290,0,
40.300,0,
40.310,0,
40.320,0,
40.330,0,
40.340,0,
40.350,0,
40.360,0,
40.370,0,
40.380,0,
40.390,0,
40.400,0,
40.410,0,
40.420,0,
40.430,0,
40.440,0,
40.450,0,
40.460,0,
40.470,0,
40.480,0,
40.490,0,
40.500,0,
40.510,0,
40.520,0,
40.530,0,
40.540,0,
40.550,0,
40.560,0,
40.570,0,
40.580,0,
40.590,0,
40.600,0,
40.610,0,
40.620,0,
40.630,0,
40.640,0,
40.650,0,
40.660,0,
40.670,0,
40.680,0,
40.690,0,
40.700,0,
40.710,0,
40.720,0,
40.730,0,
40.740,0,
40.750,0,
40.760,0,
40.770,0,
40.780,0,
40.790,0,
40.800,0,
40.810,0,
40.820,0,
40.830,0,
40.840,0,
40.850,0,
40.860,0,
40.870,0,
40.880,0,
40.890,0,
40.900,0,
40.910,0,
40.920,0,
40.930,0,
40.940,0,
40.950,0,
